{
    "timestamp": "2025-03-31 11:11:12",
    "user_id": 5593267933,
    "type": "message",
    "user_message": "неопределенность  будущего",
    "bot_response": "Неопределенность будущего – это естественный источник тревоги для многих людей.  Мы стремимся к контролю и предсказуемости, и когда будущее кажется туманным, это может вызывать беспокойство.  Важно понимать, что полностью контролировать будущее невозможно, и  принятие  этого факта – первый шаг к  снижению  тревоги.\n\nВот несколько стратегий, которые могут помочь вам справиться с тревогой, вызванной неопределенностью будущего:\n\n* **Сосредоточьтесь на настоящем:**  Вместо того, чтобы беспокоиться о том, что *может* произойти,  постарайтесь  сосредоточиться  на  том,  что  происходит  прямо  сейчас.  Занимайтесь  тем,  что  вам  под  силу  контролировать  в  данный  момент.  Спросите  себя: \"Что я могу сделать  *сегодня* , чтобы  приблизиться  к  своим  целям  или  лучше  справиться  с  ситуацией?\".\n\n* **Планирование  и  подготовка:**  Хотя  полностью  предугадать  будущее  невозможно,  вы  можете  подготовиться  к  различным  сценариям.  Составьте  план  действий,  продумайте  возможные  трудности  и  способы  их  преодоления.  Это  даст  вам  чувство  большего  контроля  и  уверенности.\n\n* **Развивайте  гибкость  и  адаптивность:**  Жизнь  непредсказуема,  и  важно  уметь  приспосабливаться  к  изменениям.  Постарайтесь  воспринимать  неопределенность  не  как  угрозу,  а  как  возможность  для  роста  и  развития.\n\n* **Практикуйте  принятие:**  Примите  тот  факт,  что  вы  не  можете  знать,  что  принесет  будущее.  Это  не  значит,  что  нужно  отказаться  от  своих  целей  и  мечт,  но  важно  научиться  жить  с  неопределенностью  и  не  позволять  ей  парализовать  вас.\n\n* **Визуализируйте  позитивные  исходы:**  Представляйте  себе,  как  вы  успешно  справляетесь  с  различными  ситуациями  в  будущем.  Это  поможет  вам  укрепить  уверенность  в  себе  и  снизить  уровень  тревоги.\n\nЕсли  тревога,  связанная  с  неопределенностью  будущего,  сильно  мешает  вам  жить,  обратитесь  к  психологу.  Он  поможет  вам  развить  необходимые  навыки  для  справления  с  этой  тревогой.\n"
}