{
    "timestamp": "2025-03-31 11:17:11",
    "user_id": 5593267933,
    "type": "message",
    "user_message": "планы планы..я считаю уже не эффективным много звонить клиентам ..увеличение продаж мне кажеться нынче как то по другому возможно",
    "bot_response": "Вы чувствуете, что старые методы работы уже не так эффективны, и это создает напряжение.  А можете рассказать подробнее, что именно изменилось? Что, по вашему мнению, сейчас может быть более эффективным, чем звонки клиентам?\n"
}