{
    "timestamp": "2025-03-31 11:20:51",
    "user_id": 5593267933,
    "type": "message",
    "user_message": "я и не знаю чего на самом деле хочу",
    "bot_response": "Это довольно распространенное чувство.  А давайте попробуем исследовать это. Представьте, что у вас есть волшебная палочка, и вы можете получить все, что угодно.  Что бы вы загадали?  Не ограничивайте себя практичностью или реалистичностью, просто позвольте себе помечтать.\n"
}