{
    "timestamp": "2025-03-31 11:03:14",
    "user_id": 5593267933,
    "type": "message",
    "user_message": "в работе..ставят планы продаж..думаешь где и как найти заявки и чем больше стремишься..тем меньше резуьтат",
    "bot_response": "Понимаю. Ситуация, когда  план  продаж  давит,  а  усилия  кажутся  бесполезными,  действительно  может  быть  очень  фрустрирующей.  Такое  напряжение  часто  приводит  к  тому, что  мы  начинаем  сомневаться  в  своих  способностях,  чувствуем  себя  беспомощными  и  теряем  мотивацию.\n\nДавайте  попробуем  разобраться,  что  может  происходить.  Когда  мы  слишком  сосредоточены  на  результате  (в  данном  случае  на  плане  продаж),  мы  можем  невольно  начать  действовать  менее  эффективно.  Тревога  и  страх  неудачи  сковывают  нас,  мешают  мыслить  творчески  и  находить  новые  подходы.  Возможно,  вы  начинаете  действовать  хаотично,  пробуя  все  подряд,  вместо  того,  чтобы  сосредоточиться  на  наиболее  перспективных  стратегиях.\n\nВот  несколько  вопросов,  которые  могут  помочь  вам  проанализировать  ситуацию:\n\n* **Реалистичен  ли  план  продаж?**  Возможно,  он  слишком  завышен,  и  достичь  его  в  данных  условиях  объективно  сложно.  Если  это  так,  стоит  обсудить  это  с  руководством.\n\n* **Какие  стратегии  вы  используете  для  поиска  заявок?**  Возможно,  стоит  пересмотреть  свой  подход  и  попробовать  новые  методы.\n\n* **Как  вы  справляетесь  со  стрессом  и  тревогой,  связанными  с  планом  продаж?**  Возможно,  вам  необходимы  техники  релаксации  или  другие  способы  управления  эмоциональным  состоянием.\n\n* **Есть  ли  у  вас  достаточно  ресурсов  и  поддержки  для  выполнения  плана?**  Возможно,  вам  необходима  дополнительная  подготовка,  информация  или  помощь  коллег.\n\n\nМы  могли  бы  поработать  над  тем,  чтобы  переключить  фокус  с  результата  на  сам  процесс  работы.  Это  поможет  снизить  тревожность  и  повысить  эффективность.  Также  мы  могли  бы  исследовать  ваши  убеждения  о  себе  и  своих  способностях,  которые  могут  влиять  на  вашу  уверенность  и  мотивацию.  Что  вы  думаете  об  этом?\n"
}