{
    "timestamp": "2025-03-31 11:18:09",
    "user_id": 5593267933,
    "type": "message",
    "user_message": "страх неопределенности будущего, смысл жизни при конечности жизни7",
    "bot_response": "Понимаю, вопросы о смысле жизни и страх перед неопределенностью будущего – очень глубокие и важные темы.  Что именно в неопределенности будущего вас пугает больше всего?\n"
}