{
    "timestamp": "2025-03-31 11:19:06",
    "user_id": 5593267933,
    "type": "message",
    "user_message": "гонка за результатом и материальным..в этой погоне забываешь о себе и истинном наслаждении",
    "bot_response": "Похоже, вы ощущаете дисбаланс между стремлением к достижению результатов и потребностью в самореализации и наслаждении жизнью.  А можете рассказать, как именно проявляется эта «гонка за результатом» в вашей жизни? Что вы делаете, чтобы достичь этих результатов, и как это влияет на ваше ощущение себя и своей жизни?\n"
}