{
    "timestamp": "2025-03-31 11:05:19",
    "user_id": 5593267933,
    "type": "message",
    "user_message": "чувствую тревогу как избавиться",
    "bot_response": "Тревога – это естественная эмоция, которую испытывают все люди.  Важно понимать, что  сама по себе тревога не опасна.  Однако, если она становится  чрезмерной и  мешает  вам  жить  полноценной  жизнью,  то  с  этим  нужно  работать.\n\nДля начала, давайте попробуем определить, что именно вызывает вашу тревогу.  Это  конкретная  ситуация,  неопределенность  будущего,  или  же  тревога  возникает  без  видимой  причины?  Понимание  источника  тревоги – первый  шаг  к  ее  преодолению.\n\nВот  несколько  техник,  которые  могут  помочь  вам  справиться  с  тревогой:\n\n* **Глубокое  дыхание:**  Сосредоточьтесь  на  своем  дыхании.  Медленно  и  глубоко  вдыхайте  через  нос,  задержите  дыхание  на  несколько  секунд  и  медленно  выдыхайте  через  рот.  Это  поможет  успокоить  нервную  систему.\n\n* **Прогрессивная  мышечная  релаксация:**  Напрягите  и  расслабьте  различные  группы  мышц  по  очереди.  Это  поможет  снять  физическое  напряжение,  которое  часто  сопровождает  тревогу.\n\n* **Осознанность:**  Обращайте  внимание  на  свои  мысли,  чувства  и  ощущения  в  настоящий  момент,  не  оценивая  их.  Это  поможет  вам  не  увлекаться  тревожными  мыслями  о  будущем  или  прошлом.\n\n* **Выявление  и  оспаривание  негативных  мыслей:**  Запишите  свои  тревожные  мысли  и  попробуйте  найти  им  альтернативное,  более  реалистичное  объяснение.\n\nЕсли  тревога  сильно  мешает  вам  жить,  важно  обратиться  к  специалисту.  Психолог  или  психотерапевт  поможет  вам  выявить  причины  тревоги  и  разработать  индивидуальную  стратегию  для  ее  преодоления.  \n\nПомните,  что  избавление  от  тревоги  –  это  процесс,  который  требует  времени  и  усилий.  Будьте  терпеливы  к  себе  и  не  бойтесь  обращаться  за  помощью.  Чем  больше  информации  вы  сможете  мне  предоставить  о  своей  тревоге  (например,  когда  она  возникает,  как  проявляется,  что  ее  усиливает  или  ослабляет),  тем  лучше  я  смогу  вам  помочь.\n"
}