{
    "timestamp": "2025-03-31 11:20:14",
    "user_id": 5593267933,
    "type": "message",
    "user_message": "без денег никуда..а хочется творить и чтобы деньги были..и чтобы свобода и полет мыслей и действий из радости",
    "bot_response": "Вы хотите совместить материальную стабильность с творчеством и свободой, чтобы действия были продиктованы радостью, а не необходимостью.  А что для вас означает «творить»?  В чем именно вы хотите реализовать свой творческий потенциал?\n"
}