{
    "timestamp": "2025-03-31 11:04:21",
    "user_id": 5593267933,
    "type": "message",
    "user_message": "как переключаться на сам процесс без ожидания результата?",
    "bot_response": "Переключение фокуса с результата на процесс – это навык, который требует практики и осознанности. Вот несколько способов, которые могут вам помочь:\n\n**1. Осознанное внимание к текущему моменту:**  Попробуйте  полностью  погрузиться  в  то,  что  вы  делаете  прямо  сейчас.  Обращайте  внимание  на  свои  ощущения,  мысли  и  эмоции,  не  оценивая  их.  Например,  если  вы  звоните  потенциальному  клиенту,  сосредоточьтесь  на  самом  разговоре,  на  том,  как  вы  формулируете  свои  мысли,  на  реакции  собеседника.  Не  думайте  о  том,  закончится  ли  этот  звонок  сделкой.\n\n**2. Разбиение  большой  задачи  на  мелкие  шаги:**  Вместо  того,  чтобы  думать  о  глобальной  цели  (например,  выполнении  плана  продаж),  сосредоточьтесь  на  конкретных  действиях,  которые  вам  нужно  предпринять  для  ее  достижения.  Например,  сегодня  вам  нужно  сделать  20  звонков,  отправить  10  коммерческих  предложений,  провести  2  встречи.  Отмечайте  выполнение  каждого  шага,  это  даст  вам  чувство  прогресса  и  мотивации.\n\n**3. Поиск  удовольствия  в  самом  процессе:**  Постарайтесь  найти  в  своей  работе  то,  что  вам  нравится,  что  приносит  вам  удовлетворение.  Возможно,  это  общение  с  людьми,  решение  сложных  задач,  творческий  подход  к  работе.  Сосредоточившись  на  этих  аспектах,  вы  сможете  получать  удовольствие  от  самого  процесса,  независимо  от  результата.\n\n**4. Практика  самосострадания:**  Будьте  к  себе  добрее  и  терпеливее.  Помните,  что  не  всегда  все  получается  с  первого  раза.  Не  ругайте  себя  за  ошибки  и  неудачи,  а  воспринимайте  их  как  возможность  для  обучения  и  развития.\n\n**5.  Визуализация  процесса,  а  не  только  результата:**  Представьте  себе,  как  вы  выполняете  каждый  этап  работы,  какие  действия  вы  предпринимаете,  какие  ресурсы  используете.  Это  поможет  вам  лучше  сконцентрироваться  на  процессе  и  уменьшить  тревогу,  связанную  с  ожиданием  результата.\n\nПереключение  фокуса  с  результата  на  процесс  –  это  не  быстрый  процесс,  но  постепенно,  с  практикой,  вы  сможете  научиться  получать  удовольствие  от  самой  работы  и  меньше  зависить  от  внешних  оценок.\n"
}