{
    "timestamp": "2025-03-31 11:00:01",
    "user_id": 5593267933,
    "type": "message",
    "user_message": "какие модели терапии ты используешь в работе? кпт, гештальт и т.д.?",
    "bot_response": "Как я упоминал ранее, я работаю в рамках нескольких научно обоснованных подходов.  В основном это:\n\n* **Когнитивно-поведенческая терапия (КПТ):**  Этот подход помогает выявить и изменить негативные мысли и убеждения, которые влияют на ваши эмоции и поведение.  Мы можем использовать техники, такие как выявление когнитивных искажений, переформулирование негативных мыслей и поведенческие эксперименты.\n\n* **Терапия принятия и ответственности (ACT):**  ACT фокусируется на развитии психологической гибкости.  Мы будем работать над принятием  сложных эмоций и мыслей,  определением ваших ценностей и  действиями в соответствии с ними.\n\n* **Элементы психодинамического подхода:**  Я могу использовать некоторые принципы психодинамического подхода для  исследования  вашего прошлого опыта и его влияния на настоящее.  Это может помочь  лучше понять  причины  ваших  трудностей.\n\n* **Техники позитивной психологии:**  Мы можем использовать  упражнения  и техники, направленные на  развитие  ваших сильных сторон,  повышение  уровня  оптимизма и  укрепление  психологической  устойчивости.\n\nВажно понимать, что я не придерживаюсь строго одной модели, а  интегрирую  различные  подходы  в зависимости от вашей  индивидуальной  ситуации  и  потребностей.  В процессе нашей работы мы вместе определим, какие  методы  будут  наиболее  эффективными  именно  для вас.\n"
}