{
    "timestamp": "2025-03-31 11:01:52",
    "user_id": 5593267933,
    "type": "message",
    "user_message": "у меня есть проблема, я гонюсь за результатом и через надо делаю дела..энергия опустошается..нервозность и результат в итоге не тот",
    "bot_response": "Я понимаю, что стремление к результату и  привычка  \"гнать\" себя  могут  приводить  к  истощению,  нервозности и,  как  ни  парадоксально,  к  тому, что  результат  оказывается  не  тем,  на  который  вы  рассчитывали.  Это  довольно  распространенная  проблема,  и  с  ней  можно  работать.\n\nДавайте  попробуем  разобраться  в  этой  ситуации  более  подробно.  Могли  бы  вы  рассказать  подробнее  о  том,  в  каких  именно  ситуациях  вы  замечаете  эту  тенденцию?  Например,  это  касается  работы,  личных  проектов,  отношений  с  людьми  или  чего-то  еще?  Также  было  бы  полезно  понять,  как  проявляется  ваша  \"гонка\"  за  результатом.  Вы  ставите  себе  нереалистичные  сроки?  Игнорируете  свои  потребности  в  отдыхе?  Переживаете  из-за  возможных  неудач?\n\nЧем  больше  информации  вы  сможете  предоставить,  тем  лучше  я  смогу  понять  вашу  ситуацию  и  предложить  вам  подходящие  стратегии  для  ее  изменения.  Например,  мы  могли  бы  поработать  над  техниками  управления  стрессом,  постановкой  реалистичных  целей,  развитием  навыков  самосострадания  и  принятия.\n"
}