{
    "timestamp": "2025-03-31 11:07:37",
    "user_id": 5593267933,
    "type": "message",
    "user_message": "тревога  возникает  без  видимой  причины",
    "bot_response": "Тревога без видимой причины может быть очень дезориентирующей и неприятной.  Хотя кажется, что нет внешнего триггера,  такая тревога все равно имеет свои корни, которые могут быть скрыты от сознания.  Это может быть связано с накопленным стрессом,  неразрешенными внутренними конфликтами,  особенностями  нервной  системы  или  другими  факторами.\n\nДаже если причина неясна,  техники, которые я описывал ранее,  —  глубокое дыхание,  прогрессивная мышечная релаксация,  осознанность —  все  равно  могут  быть  эффективны  для  снижения  уровня  тревоги  в  моменте.  Они  помогают  регулировать  физиологические  процессы,  связанные  с  тревогой,  и  переключать  внимание  с  тревожных  мыслей  на  текущий  момент.\n\nКроме  того,  в  случае  тревоги  без  видимой  причины,  особенно  важно  обратить  внимание  на  свой  образ  жизни:\n\n* **Режим  сна:**  достаточное  количество  сна  критически  важно  для  эмоциональной  стабильности.\n* **Физическая  активность:**  регулярные  физические  нагрузки  помогают  снизить  уровень  стресса  и  тревоги.\n* **Питание:**  сбалансированное  питание  также  влияет  на  наше  эмоциональное  состояние.\n* **Уровень  стресса  в  целом:**  подумайте,  есть  ли  в  вашей  жизни  хронические  источники  стресса,  которые  могут  способствовать  возникновению  тревоги.\n\nЕсли  тревога  возникает  часто  и  интенсивно,  или  если  вы  чувствуете,  что  не  справляетесь  самостоятельно,  я  настоятельно  рекомендую  обратиться  к  психотерапевту.  Специалист  поможет  вам  разобраться  в  причинах  вашей  тревоги  и  разработать  индивидуальный  план  работы  с  ней.  Он  также  сможет  определить,  нужна  ли  вам  консультация  психиатра.  Помните,  что  обращение  за  профессиональной  помощью  –  это  проявление  заботы  о  себе,  а  не  признак  слабости.\n"
}