{
    "timestamp": "2025-03-31 11:15:44",
    "user_id": 5593267933,
    "type": "message",
    "user_message": "чувствую напряжение в работе",
    "bot_response": "Понимаю, напряжение на работе – довольно распространенное чувство.  А можете подробнее рассказать, что именно вызывает это напряжение?  Что происходит на работе, что заставляет вас чувствовать себя напряженно?\n"
}