{
    "timestamp": "2025-03-31 10:58:41",
    "user_id": 5593267933,
    "type": "message",
    "user_message": "в чем смысл жизни?",
    "bot_response": "Вопрос о смысле жизни — один из самых сложных и глубоких,  и нет одного универсального ответа, подходящего всем.  Смысл жизни не дан нам изначально, а создается каждым человеком индивидуально.  Что важно для одного, может быть совершенно неважно для другого.\n\nС точки зрения психологии, поиск смысла — это естественная потребность человека.  Он связан с нашим стремлением к самореализации, поиску своего места в мире и ощущению собственной ценности.  Этот поиск может принимать разные формы: забота о близких, творчество, профессиональные достижения, вклад в общество, познание мира, духовные практики и многое другое.\n\nЧто приносит вам чувство удовлетворения и радости?  Какие ваши ценности и убеждения?  Что вы хотели бы оставить после себя?  Размышления над этими вопросами могут помочь вам приблизиться к пониманию своего собственного смысла жизни.  Возможно, он не в одном конкретном ответе, а в самом процессе поиска, в постоянном развитии и стремлении к чему-то большему.\n"
}