{
    "timestamp": "2025-03-31 11:25:12",
    "user_id": 5593267933,
    "type": "start",
    "user_message": "/start от @asl689",
    "bot_response": "Здравствуйте! 👋\n\nЯ психолог-консультант и готов помочь вам с различными психологическими вопросами и проблемами. Вы можете рассказать мне о том, что вас беспокоит, и я постараюсь предложить поддержку и рекомендации.\n\nНапишите, что вас привело ко мне сегодня?\n"
}